FILENAME,CLASSE,ID,FUNDO,LUZ,AMBIENTE
IMG_20210508_132122.jpg,garfo,garfo-0,amarelo,dia,dentro
IMG_20210508_132125.jpg,garfo,garfo-0,amarelo,dia,dentro
IMG_20210508_132128.jpg,garfo,garfo-0,amarelo,dia,dentro
IMG_20210508_132140.jpg,garfo,garfo-0,verde,dia,dentro
IMG_20210508_132142.jpg,garfo,garfo-0,verde,dia,dentro
IMG_20210508_132144.jpg,garfo,garfo-0,verde,dia,dentro
IMG_20210508_132156.jpg,garfo,garfo-0,rosa,dia,dentro
IMG_20210508_132159.jpg,garfo,garfo-0,rosa,dia,dentro
IMG_20210508_132201.jpg,garfo,garfo-0,rosa,dia,dentro
IMG_20210508_132211.jpg,garfo,garfo-1,amarelo,dia,dentro
IMG_20210508_132213.jpg,garfo,garfo-1,amarelo,dia,dentro
IMG_20210508_132215.jpg,garfo,garfo-1,amarelo,dia,dentro
IMG_20210508_132223.jpg,garfo,garfo-1,verde,dia,dentro
IMG_20210508_132225.jpg,garfo,garfo-1,verde,dia,dentro
IMG_20210508_132227.jpg,garfo,garfo-1,verde,dia,dentro
IMG_20210508_132234.jpg,garfo,garfo-1,rosa,dia,dentro
IMG_20210508_132236.jpg,garfo,garfo-1,rosa,dia,dentro
IMG_20210508_132238.jpg,garfo,garfo-1,rosa,dia,dentro
IMG_20210508_132345.jpg,garfo,garfo-2,amarelo,dia,dentro
IMG_20210508_132348.jpg,garfo,garfo-2,amarelo,dia,dentro
IMG_20210508_132350.jpg,garfo,garfo-2,amarelo,dia,dentro
IMG_20210508_132359.jpg,garfo,garfo-2,verde,dia,dentro
IMG_20210508_132401.jpg,garfo,garfo-2,verde,dia,dentro
IMG_20210508_132404.jpg,garfo,garfo-2,verde,dia,dentro
IMG_20210508_132412.jpg,garfo,garfo-2,rosa,dia,dentro
IMG_20210508_132414.jpg,garfo,garfo-2,rosa,dia,dentro
IMG_20210508_132416.jpg,garfo,garfo-2,rosa,dia,dentro
IMG_20210508_132440.jpg,faca,faca-0,amarelo,dia,dentro
IMG_20210508_132442.jpg,faca,faca-0,amarelo,dia,dentro
IMG_20210508_132444.jpg,faca,faca-0,amarelo,dia,dentro
IMG_20210508_132453.jpg,faca,faca-0,verde,dia,dentro
IMG_20210508_132455.jpg,faca,faca-0,verde,dia,dentro
IMG_20210508_132458.jpg,faca,faca-0,verde,dia,dentro
IMG_20210508_132515.jpg,faca,faca-0,rosa,dia,dentro
IMG_20210508_132518.jpg,faca,faca-0,rosa,dia,dentro
IMG_20210508_132521.jpg,faca,faca-0,rosa,dia,dentro
IMG_20210508_132541.jpg,faca,faca-1,amarelo,dia,dentro
IMG_20210508_132543.jpg,faca,faca-1,amarelo,dia,dentro
IMG_20210508_132545.jpg,faca,faca-1,amarelo,dia,dentro
IMG_20210508_132555.jpg,faca,faca-1,verde,dia,dentro
IMG_20210508_132558.jpg,faca,faca-1,verde,dia,dentro
IMG_20210508_132600.jpg,faca,faca-1,verde,dia,dentro
IMG_20210508_132607.jpg,faca,faca-1,rosa,dia,dentro
IMG_20210508_132608.jpg,faca,faca-1,rosa,dia,dentro
IMG_20210508_132610.jpg,faca,faca-1,rosa,dia,dentro
IMG_20210508_132623.jpg,faca,faca-2,amarelo,dia,dentro
IMG_20210508_132625.jpg,faca,faca-2,amarelo,dia,dentro
IMG_20210508_132626.jpg,faca,faca-2,amarelo,dia,dentro
IMG_20210508_132635.jpg,faca,faca-2,verde,dia,dentro
IMG_20210508_132640.jpg,faca,faca-2,verde,dia,dentro
IMG_20210508_132642.jpg,faca,faca-2,verde,dia,dentro
IMG_20210508_132648.jpg,faca,faca-2,rosa,dia,dentro
IMG_20210508_132650.jpg,faca,faca-2,rosa,dia,dentro
IMG_20210508_132651.jpg,faca,faca-2,rosa,dia,dentro
IMG_20210508_132702.jpg,copo,copo-0,amarelo,dia,dentro
IMG_20210508_132703.jpg,copo,copo-0,amarelo,dia,dentro
IMG_20210508_132704.jpg,copo,copo-0,amarelo,dia,dentro
IMG_20210508_132705.jpg,copo,copo-0,verde,dia,dentro
IMG_20210508_132706.jpg,copo,copo-0,verde,dia,dentro
IMG_20210508_132707.jpg,copo,copo-0,verde,dia,dentro
IMG_20210508_132708.jpg,copo,copo-0,rosa,dia,dentro
IMG_20210508_132709.jpg,copo,copo-0,rosa,dia,dentro
IMG_20210508_132710.jpg,copo,copo-0,rosa,dia,dentro
IMG_20210508_132713.jpg,copo,copo-1,amarelo,dia,dentro
IMG_20210508_132718.jpg,copo,copo-1,amarelo,dia,dentro
IMG_20210508_132720.jpg,copo,copo-1,amarelo,dia,dentro
IMG_20210508_132727.jpg,copo,copo-1,verde,dia,dentro
IMG_20210508_132730.jpg,copo,copo-1,verde,dia,dentro
IMG_20210508_132733.jpg,copo,copo-1,verde,dia,dentro
IMG_20210508_132742.jpg,copo,copo-1,rosa,dia,dentro
IMG_20210508_132744.jpg,copo,copo-1,rosa,dia,dentro
IMG_20210508_132747.jpg,copo,copo-1,rosa,dia,dentro
IMG_20210508_132805.jpg,copo,copo-2,amarelo,dia,dentro
IMG_20210508_132808.jpg,copo,copo-2,amarelo,dia,dentro
IMG_20210508_132810.jpg,copo,copo-2,amarelo,dia,dentro
IMG_20210508_132817.jpg,copo,copo-2,verde,dia,dentro
IMG_20210508_132819.jpg,copo,copo-2,verde,dia,dentro
IMG_20210508_132821.jpg,copo,copo-2,verde,dia,dentro
IMG_20210508_132828.jpg,copo,copo-2,rosa,dia,dentro
IMG_20210508_132830.jpg,copo,copo-2,rosa,dia,dentro
IMG_20210508_132832.jpg,copo,copo-2,rosa,dia,dentro
IMG_20210508_132918.jpg,xícara,xícara-0,amarelo,dia,dentro
IMG_20210508_132923.jpg,xícara,xícara-0,amarelo,dia,dentro
IMG_20210508_132925.jpg,xícara,xícara-0,amarelo,dia,dentro
IMG_20210508_132938.jpg,xícara,xícara-0,verde,dia,dentro
IMG_20210508_132940.jpg,xícara,xícara-0,verde,dia,dentro
IMG_20210508_132942.jpg,xícara,xícara-0,verde,dia,dentro
IMG_20210508_132947.jpg,xícara,xícara-0,rosa,dia,dentro
IMG_20210508_132950.jpg,xícara,xícara-0,rosa,dia,dentro
IMG_20210508_132954.jpg,xícara,xícara-0,rosa,dia,dentro
IMG_20210508_133023.jpg,xícara,xícara-1,amarelo,dia,dentro
IMG_20210508_133027.jpg,xícara,xícara-1,amarelo,dia,dentro
IMG_20210508_133032.jpg,xícara,xícara-1,amarelo,dia,dentro
IMG_20210508_133100.jpg,xícara,xícara-1,verde,dia,dentro
IMG_20210508_133102.jpg,xícara,xícara-1,verde,dia,dentro
IMG_20210508_133104.jpg,xícara,xícara-1,verde,dia,dentro
IMG_20210508_133110.jpg,xícara,xícara-1,rosa,dia,dentro
IMG_20210508_133111.jpg,xícara,xícara-1,rosa,dia,dentro
IMG_20210508_133113.jpg,xícara,xícara-1,rosa,dia,dentro
IMG_20210508_133142.jpg,xícara,xícara-2,amarelo,dia,dentro
IMG_20210508_133144.jpg,xícara,xícara-2,amarelo,dia,dentro
IMG_20210508_133145.jpg,xícara,xícara-2,amarelo,dia,dentro
IMG_20210508_133203.jpg,xícara,xícara-2,verde,dia,dentro
IMG_20210508_133230.jpg,xícara,xícara-2,verde,dia,dentro
IMG_20210508_133231.jpg,xícara,xícara-2,verde,dia,dentro
IMG_20210508_133238.jpg,xícara,xícara-2,rosa,dia,dentro
IMG_20210508_133239.jpg,xícara,xícara-2,rosa,dia,dentro
IMG_20210508_133241.jpg,xícara,xícara-2,rosa,dia,dentro
IMG_20210508_133259.jpg,lápis,lápis-0,amarelo,dia,dentro
IMG_20210508_133300.jpg,lápis,lápis-0,amarelo,dia,dentro
IMG_20210508_133301.jpg,lápis,lápis-0,amarelo,dia,dentro
IMG_20210508_133307.jpg,lápis,lápis-0,verde,dia,dentro
IMG_20210508_133309.jpg,lápis,lápis-0,verde,dia,dentro
IMG_20210508_133311.jpg,lápis,lápis-0,verde,dia,dentro
IMG_20210508_133325.jpg,lápis,lápis-0,rosa,dia,dentro
IMG_20210508_133326.jpg,lápis,lápis-0,rosa,dia,dentro
IMG_20210508_133327.jpg,lápis,lápis-0,rosa,dia,dentro
IMG_20210508_133355.jpg,lápis,lápis-1,amarelo,dia,dentro
IMG_20210508_133357.jpg,lápis,lápis-1,amarelo,dia,dentro
IMG_20210508_133358.jpg,lápis,lápis-1,amarelo,dia,dentro
IMG_20210508_133428.jpg,lápis,lápis-1,verde,dia,dentro
IMG_20210508_133429.jpg,lápis,lápis-1,verde,dia,dentro
IMG_20210508_133431.jpg,lápis,lápis-1,verde,dia,dentro
IMG_20210508_133440.jpg,lápis,lápis-1,rosa,dia,dentro
IMG_20210508_133442.jpg,lápis,lápis-1,rosa,dia,dentro
IMG_20210508_133443.jpg,lápis,lápis-1,rosa,dia,dentro
IMG_20210508_133453.jpg,lápis,lápis-2,amarelo,dia,dentro
IMG_20210508_133455.jpg,lápis,lápis-2,amarelo,dia,dentro
IMG_20210508_133456.jpg,lápis,lápis-2,amarelo,dia,dentro
IMG_20210508_133504.jpg,lápis,lápis-2,verde,dia,dentro
IMG_20210508_133504_1.jpg,lápis,lápis-2,verde,dia,dentro
IMG_20210508_133506.jpg,lápis,lápis-2,verde,dia,dentro
IMG_20210508_133516.jpg,lápis,lápis-2,rosa,dia,dentro
IMG_20210508_133519.jpg,lápis,lápis-2,rosa,dia,dentro
IMG_20210508_133520.jpg,lápis,lápis-2,rosa,dia,dentro
IMG_20210508_133619.jpg,prato,prato-0,amarelo,dia,dentro
IMG_20210508_133640.jpg,prato,prato-0,amarelo,dia,dentro
IMG_20210508_133642.jpg,prato,prato-0,amarelo,dia,dentro
IMG_20210508_133702.jpg,prato,prato-0,verde,dia,dentro
IMG_20210508_133703.jpg,prato,prato-0,verde,dia,dentro
IMG_20210508_133705.jpg,prato,prato-0,verde,dia,dentro
IMG_20210508_133721.jpg,prato,prato-0,rosa,dia,dentro
IMG_20210508_133722.jpg,prato,prato-0,rosa,dia,dentro
IMG_20210508_133723.jpg,prato,prato-0,rosa,dia,dentro
IMG_20210508_133737.jpg,prato,prato-1,amarelo,dia,dentro
IMG_20210508_133738.jpg,prato,prato-1,amarelo,dia,dentro
IMG_20210508_133739.jpg,prato,prato-1,amarelo,dia,dentro
IMG_20210508_133744.jpg,prato,prato-1,verde,dia,dentro
IMG_20210508_133747.jpg,prato,prato-1,verde,dia,dentro
IMG_20210508_133748.jpg,prato,prato-1,verde,dia,dentro
IMG_20210508_133759.jpg,prato,prato-1,rosa,dia,dentro
IMG_20210508_133801.jpg,prato,prato-1,rosa,dia,dentro
IMG_20210508_133802.jpg,prato,prato-1,rosa,dia,dentro
IMG_20210508_133817.jpg,prato,prato-2,amarelo,dia,dentro
IMG_20210508_133819.jpg,prato,prato-2,amarelo,dia,dentro
IMG_20210508_133820.jpg,prato,prato-2,amarelo,dia,dentro
IMG_20210508_133824.jpg,prato,prato-2,verde,dia,dentro
IMG_20210508_133825.jpg,prato,prato-2,verde,dia,dentro
IMG_20210508_133826.jpg,prato,prato-2,verde,dia,dentro
IMG_20210508_133832.jpg,prato,prato-2,rosa,dia,dentro
IMG_20210508_133833.jpg,prato,prato-2,rosa,dia,dentro
IMG_20210508_133834.jpg,prato,prato-2,rosa,dia,dentro
IMG_20210508_133921.jpg,chave,chave-0,amarelo,dia,dentro
IMG_20210508_133922.jpg,chave,chave-0,amarelo,dia,dentro
IMG_20210508_133923.jpg,chave,chave-0,amarelo,dia,dentro
IMG_20210508_133929.jpg,chave,chave-0,verde,dia,dentro
IMG_20210508_133931.jpg,chave,chave-0,verde,dia,dentro
IMG_20210508_133932.jpg,chave,chave-0,verde,dia,dentro
IMG_20210508_133941.jpg,chave,chave-0,rosa,dia,dentro
IMG_20210508_133942.jpg,chave,chave-0,rosa,dia,dentro
IMG_20210508_133943.jpg,chave,chave-0,rosa,dia,dentro
IMG_20210508_133955.jpg,chave,chave-1,amarelo,dia,dentro
IMG_20210508_133956.jpg,chave,chave-1,amarelo,dia,dentro
IMG_20210508_133958.jpg,chave,chave-1,amarelo,dia,dentro
IMG_20210508_134003.jpg,chave,chave-1,verde,dia,dentro
IMG_20210508_134005.jpg,chave,chave-1,verde,dia,dentro
IMG_20210508_134006.jpg,chave,chave-1,verde,dia,dentro
IMG_20210508_134014.jpg,chave,chave-1,rosa,dia,dentro
IMG_20210508_134015.jpg,chave,chave-1,rosa,dia,dentro
IMG_20210508_134016.jpg,chave,chave-1,rosa,dia,dentro
IMG_20210508_134035.jpg,chave,chave-2,amarelo,dia,dentro
IMG_20210508_134039.jpg,chave,chave-2,amarelo,dia,dentro
IMG_20210508_134040.jpg,chave,chave-2,amarelo,dia,dentro
IMG_20210508_134044.jpg,chave,chave-2,verde,dia,dentro
IMG_20210508_134045.jpg,chave,chave-2,verde,dia,dentro
IMG_20210508_134049.jpg,chave,chave-2,verde,dia,dentro
IMG_20210508_134055.jpg,chave,chave-2,rosa,dia,dentro
IMG_20210508_134056.jpg,chave,chave-2,rosa,dia,dentro
IMG_20210508_134057.jpg,chave,chave-2,rosa,dia,dentro
IMG_20210508_134121.jpg,garrafa,garrafa-0,amarelo,dia,dentro
IMG_20210508_134122.jpg,garrafa,garrafa-0,amarelo,dia,dentro
IMG_20210508_134123.jpg,garrafa,garrafa-0,amarelo,dia,dentro
IMG_20210508_134131.jpg,garrafa,garrafa-0,verde,dia,dentro
IMG_20210508_134132.jpg,garrafa,garrafa-0,verde,dia,dentro
IMG_20210508_134133.jpg,garrafa,garrafa-0,verde,dia,dentro
IMG_20210508_134142.jpg,garrafa,garrafa-0,rosa,dia,dentro
IMG_20210508_134143.jpg,garrafa,garrafa-0,rosa,dia,dentro
IMG_20210508_134143_1.jpg,garrafa,garrafa-0,rosa,dia,dentro
IMG_20210508_134213.jpg,garrafa,garrafa-1,amarelo,dia,dentro
IMG_20210508_134218.jpg,garrafa,garrafa-1,amarelo,dia,dentro
IMG_20210508_134222.jpg,garrafa,garrafa-1,amarelo,dia,dentro
IMG_20210508_134306.jpg,garrafa,garrafa-1,verde,dia,dentro
IMG_20210508_134307.jpg,garrafa,garrafa-1,verde,dia,dentro
IMG_20210508_134355.jpg,garrafa,garrafa-1,verde,dia,dentro
IMG_20210508_134430.jpg,garrafa,garrafa-1,rosa,dia,dentro
IMG_20210508_134433.jpg,garrafa,garrafa-1,rosa,dia,dentro
IMG_20210508_134434.jpg,garrafa,garrafa-1,rosa,dia,dentro
IMG_20210508_134457.jpg,garrafa,garrafa-2,amarelo,dia,dentro
IMG_20210508_134458.jpg,garrafa,garrafa-2,amarelo,dia,dentro
IMG_20210508_134500.jpg,garrafa,garrafa-2,amarelo,dia,dentro
IMG_20210508_134506.jpg,garrafa,garrafa-2,verde,dia,dentro
IMG_20210508_134508.jpg,garrafa,garrafa-2,verde,dia,dentro
IMG_20210508_134509.jpg,garrafa,garrafa-2,verde,dia,dentro
IMG_20210508_134516.jpg,garrafa,garrafa-2,rosa,dia,dentro
IMG_20210508_134517.jpg,garrafa,garrafa-2,rosa,dia,dentro
IMG_20210508_134518.jpg,garrafa,garrafa-2,rosa,dia,dentro
IMG_20210508_134603.jpg,tesoura,tesoura-0,amarelo,dia,dentro
IMG_20210508_134604.jpg,tesoura,tesoura-0,amarelo,dia,dentro
IMG_20210508_134605.jpg,tesoura,tesoura-0,amarelo,dia,dentro
IMG_20210508_134611.jpg,tesoura,tesoura-0,verde,dia,dentro
IMG_20210508_134612.jpg,tesoura,tesoura-0,verde,dia,dentro
IMG_20210508_134613.jpg,tesoura,tesoura-0,verde,dia,dentro
IMG_20210508_134620.jpg,tesoura,tesoura-0,rosa,dia,dentro
IMG_20210508_134624.jpg,tesoura,tesoura-0,rosa,dia,dentro
IMG_20210508_134626.jpg,tesoura,tesoura-0,rosa,dia,dentro
IMG_20210508_134640.jpg,tesoura,tesoura-1,amarelo,dia,dentro
IMG_20210508_134642.jpg,tesoura,tesoura-1,amarelo,dia,dentro
IMG_20210508_134644.jpg,tesoura,tesoura-1,amarelo,dia,dentro
IMG_20210508_134650.jpg,tesoura,tesoura-1,verde,dia,dentro
IMG_20210508_134651.jpg,tesoura,tesoura-1,verde,dia,dentro
IMG_20210508_134655.jpg,tesoura,tesoura-1,verde,dia,dentro
IMG_20210508_134702.jpg,tesoura,tesoura-1,rosa,dia,dentro
IMG_20210508_134703.jpg,tesoura,tesoura-1,rosa,dia,dentro
IMG_20210508_134706.jpg,tesoura,tesoura-1,rosa,dia,dentro
IMG_20210508_134743.jpg,tesoura,tesoura-2,amarelo,dia,dentro
IMG_20210508_134744.jpg,tesoura,tesoura-2,amarelo,dia,dentro
IMG_20210508_134746.jpg,tesoura,tesoura-2,amarelo,dia,dentro
IMG_20210508_134751.jpg,tesoura,tesoura-2,verde,dia,dentro
IMG_20210508_134752.jpg,tesoura,tesoura-2,verde,dia,dentro
IMG_20210508_134753.jpg,tesoura,tesoura-2,verde,dia,dentro
IMG_20210508_134800.jpg,tesoura,tesoura-2,rosa,dia,dentro
IMG_20210508_134803.jpg,tesoura,tesoura-2,rosa,dia,dentro
IMG_20210508_134805.jpg,tesoura,tesoura-2,rosa,dia,dentro
IMG_20210508_134920.jpg,livro,livro-0,amarelo,dia,dentro
IMG_20210508_134921.jpg,livro,livro-0,amarelo,dia,dentro
IMG_20210508_134923.jpg,livro,livro-0,amarelo,dia,dentro
IMG_20210508_134943.jpg,livro,livro-0,verde,dia,dentro
IMG_20210508_134947.jpg,livro,livro-0,verde,dia,dentro
IMG_20210508_134949.jpg,livro,livro-0,verde,dia,dentro
IMG_20210508_135003.jpg,livro,livro-0,rosa,dia,dentro
IMG_20210508_135004.jpg,livro,livro-0,rosa,dia,dentro
IMG_20210508_135007.jpg,livro,livro-0,rosa,dia,dentro
IMG_20210508_135029.jpg,livro,livro-1,amarelo,dia,dentro
IMG_20210508_135030.jpg,livro,livro-1,amarelo,dia,dentro
IMG_20210508_135032.jpg,livro,livro-1,amarelo,dia,dentro
IMG_20210508_135039.jpg,livro,livro-1,verde,dia,dentro
IMG_20210508_135041.jpg,livro,livro-1,verde,dia,dentro
IMG_20210508_135042.jpg,livro,livro-1,verde,dia,dentro
IMG_20210508_135054.jpg,livro,livro-1,rosa,dia,dentro
IMG_20210508_135055.jpg,livro,livro-1,rosa,dia,dentro
IMG_20210508_135056.jpg,livro,livro-1,rosa,dia,dentro
IMG_20210508_135113.jpg,livro,livro-2,amarelo,dia,dentro
IMG_20210508_135120.jpg,livro,livro-2,amarelo,dia,dentro
IMG_20210508_135126.jpg,livro,livro-2,amarelo,dia,dentro
IMG_20210508_135135.jpg,livro,livro-2,verde,dia,dentro
IMG_20210508_135137.jpg,livro,livro-2,verde,dia,dentro
IMG_20210508_135138.jpg,livro,livro-2,verde,dia,dentro
IMG_20210508_135145.jpg,livro,livro-2,rosa,dia,dentro
IMG_20210508_135147.jpg,livro,livro-2,rosa,dia,dentro
IMG_20210508_135149.jpg,livro,livro-2,rosa,dia,dentro
IMG_20210508_135501.jpg,garfo,garfo-0,amarelo,dia,fora
IMG_20210508_135503.jpg,garfo,garfo-0,amarelo,dia,fora
IMG_20210508_135505.jpg,garfo,garfo-0,amarelo,dia,fora
IMG_20210508_135510.jpg,garfo,garfo-0,verde,dia,fora
IMG_20210508_135512.jpg,garfo,garfo-0,verde,dia,fora
IMG_20210508_135516.jpg,garfo,garfo-0,verde,dia,fora
IMG_20210508_135521.jpg,garfo,garfo-0,rosa,dia,fora
IMG_20210508_135525.jpg,garfo,garfo-0,rosa,dia,fora
IMG_20210508_135530.jpg,garfo,garfo-0,rosa,dia,fora
IMG_20210508_135630.jpg,garfo,garfo-1,amarelo,dia,fora
IMG_20210508_135632.jpg,garfo,garfo-1,amarelo,dia,fora
IMG_20210508_135634.jpg,garfo,garfo-1,amarelo,dia,fora
IMG_20210508_135639.jpg,garfo,garfo-1,verde,dia,fora
IMG_20210508_135640.jpg,garfo,garfo-1,verde,dia,fora
IMG_20210508_135643.jpg,garfo,garfo-1,verde,dia,fora
IMG_20210508_135651.jpg,garfo,garfo-1,rosa,dia,fora
IMG_20210508_135654.jpg,garfo,garfo-1,rosa,dia,fora
IMG_20210508_135656.jpg,garfo,garfo-1,rosa,dia,fora
IMG_20210508_135712.jpg,garfo,garfo-2,amarelo,dia,fora
IMG_20210508_135715.jpg,garfo,garfo-2,amarelo,dia,fora
IMG_20210508_135719.jpg,garfo,garfo-2,amarelo,dia,fora
IMG_20210508_135725.jpg,garfo,garfo-2,verde,dia,fora
IMG_20210508_135728.jpg,garfo,garfo-2,verde,dia,fora
IMG_20210508_135730.jpg,garfo,garfo-2,verde,dia,fora
IMG_20210508_135736.jpg,garfo,garfo-2,rosa,dia,fora
IMG_20210508_135738.jpg,garfo,garfo-2,rosa,dia,fora
IMG_20210508_135740.jpg,garfo,garfo-2,rosa,dia,fora
IMG_20210508_135758.jpg,faca,faca-0,amarelo,dia,fora
IMG_20210508_135759.jpg,faca,faca-0,amarelo,dia,fora
IMG_20210508_135801.jpg,faca,faca-0,amarelo,dia,fora
IMG_20210508_135806.jpg,faca,faca-0,verde,dia,fora
IMG_20210508_135808.jpg,faca,faca-0,verde,dia,fora
IMG_20210508_135809.jpg,faca,faca-0,verde,dia,fora
IMG_20210508_135816.jpg,faca,faca-0,rosa,dia,fora
IMG_20210508_135818.jpg,faca,faca-0,rosa,dia,fora
IMG_20210508_135821.jpg,faca,faca-0,rosa,dia,fora
IMG_20210508_135831.jpg,faca,faca-1,amarelo,dia,fora
IMG_20210508_135832.jpg,faca,faca-1,amarelo,dia,fora
IMG_20210508_135835.jpg,faca,faca-1,amarelo,dia,fora
IMG_20210508_135841.jpg,faca,faca-1,verde,dia,fora
IMG_20210508_135844.jpg,faca,faca-1,verde,dia,fora
IMG_20210508_135845.jpg,faca,faca-1,verde,dia,fora
IMG_20210508_135851.jpg,faca,faca-1,rosa,dia,fora
IMG_20210508_135853.jpg,faca,faca-1,rosa,dia,fora
IMG_20210508_135856.jpg,faca,faca-1,rosa,dia,fora
IMG_20210508_135905.jpg,faca,faca-2,amarelo,dia,fora
IMG_20210508_135907.jpg,faca,faca-2,amarelo,dia,fora
IMG_20210508_135908.jpg,faca,faca-2,amarelo,dia,fora
IMG_20210508_135913.jpg,faca,faca-2,verde,dia,fora
IMG_20210508_135915.jpg,faca,faca-2,verde,dia,fora
IMG_20210508_135918.jpg,faca,faca-2,verde,dia,fora
IMG_20210508_135926.jpg,faca,faca-2,rosa,dia,fora
IMG_20210508_135928.jpg,faca,faca-2,rosa,dia,fora
IMG_20210508_135930.jpg,faca,faca-2,rosa,dia,fora
IMG_20210508_140005.jpg,copo,copo-0,amarelo,dia,fora
IMG_20210508_140008.jpg,copo,copo-0,amarelo,dia,fora
IMG_20210508_140009.jpg,copo,copo-0,amarelo,dia,fora
IMG_20210508_140016.jpg,copo,copo-0,verde,dia,fora
IMG_20210508_140020.jpg,copo,copo-0,verde,dia,fora
IMG_20210508_140021.jpg,copo,copo-0,verde,dia,fora
IMG_20210508_140026.jpg,copo,copo-0,rosa,dia,fora
IMG_20210508_140029.jpg,copo,copo-0,rosa,dia,fora
IMG_20210508_140030.jpg,copo,copo-0,rosa,dia,fora
IMG_20210508_140128.jpg,copo,copo-1,amarelo,dia,fora
IMG_20210508_140132.jpg,copo,copo-1,amarelo,dia,fora
IMG_20210508_140134.jpg,copo,copo-1,amarelo,dia,fora
IMG_20210508_140141.jpg,copo,copo-1,verde,dia,fora
IMG_20210508_140144.jpg,copo,copo-1,verde,dia,fora
IMG_20210508_140147.jpg,copo,copo-1,verde,dia,fora
IMG_20210508_140152.jpg,copo,copo-1,rosa,dia,fora
IMG_20210508_140155.jpg,copo,copo-1,rosa,dia,fora
IMG_20210508_140158.jpg,copo,copo-1,rosa,dia,fora
IMG_20210508_140225.jpg,copo,copo-2,amarelo,dia,fora
IMG_20210508_140227.jpg,copo,copo-2,amarelo,dia,fora
IMG_20210508_140228.jpg,copo,copo-2,amarelo,dia,fora
IMG_20210508_140235.jpg,copo,copo-2,verde,dia,fora
IMG_20210508_140247.jpg,copo,copo-2,verde,dia,fora
IMG_20210508_140255.jpg,copo,copo-2,verde,dia,fora
IMG_20210508_140300.jpg,copo,copo-2,rosa,dia,fora
IMG_20210508_140302.jpg,copo,copo-2,rosa,dia,fora
IMG_20210508_140304.jpg,copo,copo-2,rosa,dia,fora
IMG_20210508_140337.jpg,xícara,xícara-0,amarelo,dia,fora
IMG_20210508_140339.jpg,xícara,xícara-0,amarelo,dia,fora
IMG_20210508_140342.jpg,xícara,xícara-0,amarelo,dia,fora
IMG_20210508_140351.jpg,xícara,xícara-0,verde,dia,fora
IMG_20210508_140352.jpg,xícara,xícara-0,verde,dia,fora
IMG_20210508_140353.jpg,xícara,xícara-0,verde,dia,fora
IMG_20210508_140406.jpg,xícara,xícara-0,rosa,dia,fora
IMG_20210508_140409.jpg,xícara,xícara-0,rosa,dia,fora
IMG_20210508_140411.jpg,xícara,xícara-0,rosa,dia,fora
IMG_20210508_140424.jpg,xícara,xícara-1,amarelo,dia,fora
IMG_20210508_140427.jpg,xícara,xícara-1,amarelo,dia,fora
IMG_20210508_140428.jpg,xícara,xícara-1,amarelo,dia,fora
IMG_20210508_140434.jpg,xícara,xícara-1,verde,dia,fora
IMG_20210508_140437.jpg,xícara,xícara-1,verde,dia,fora
IMG_20210508_140439.jpg,xícara,xícara-1,verde,dia,fora
IMG_20210508_140446.jpg,xícara,xícara-1,rosa,dia,fora
IMG_20210508_140448.jpg,xícara,xícara-1,rosa,dia,fora
IMG_20210508_140450.jpg,xícara,xícara-1,rosa,dia,fora
IMG_20210508_140501.jpg,xícara,xícara-2,amarelo,dia,fora
IMG_20210508_140503.jpg,xícara,xícara-2,amarelo,dia,fora
IMG_20210508_140504.jpg,xícara,xícara-2,amarelo,dia,fora
IMG_20210508_140510.jpg,xícara,xícara-2,verde,dia,fora
IMG_20210508_140511.jpg,xícara,xícara-2,verde,dia,fora
IMG_20210508_140514.jpg,xícara,xícara-2,verde,dia,fora
IMG_20210508_140522.jpg,xícara,xícara-2,rosa,dia,fora
IMG_20210508_140525.jpg,xícara,xícara-2,rosa,dia,fora
IMG_20210508_140527.jpg,xícara,xícara-2,rosa,dia,fora
IMG_20210508_140621.jpg,lápis,lápis-0,amarelo,dia,fora
IMG_20210508_140622.jpg,lápis,lápis-0,amarelo,dia,fora
IMG_20210508_140624.jpg,lápis,lápis-0,amarelo,dia,fora
IMG_20210508_140631.jpg,lápis,lápis-0,verde,dia,fora
IMG_20210508_140633.jpg,lápis,lápis-0,verde,dia,fora
IMG_20210508_140636.jpg,lápis,lápis-0,verde,dia,fora
IMG_20210508_140641.jpg,lápis,lápis-0,rosa,dia,fora
IMG_20210508_140644.jpg,lápis,lápis-0,rosa,dia,fora
IMG_20210508_140647.jpg,lápis,lápis-0,rosa,dia,fora
IMG_20210508_140700.jpg,lápis,lápis-1,amarelo,dia,fora
IMG_20210508_140701.jpg,lápis,lápis-1,amarelo,dia,fora
IMG_20210508_140728.jpg,lápis,lápis-1,amarelo,dia,fora
IMG_20210508_140735.jpg,lápis,lápis-1,verde,dia,fora
IMG_20210508_140738.jpg,lápis,lápis-1,verde,dia,fora
IMG_20210508_140740.jpg,lápis,lápis-1,verde,dia,fora
IMG_20210508_140745.jpg,lápis,lápis-1,rosa,dia,fora
IMG_20210508_140749.jpg,lápis,lápis-1,rosa,dia,fora
IMG_20210508_140752.jpg,lápis,lápis-1,rosa,dia,fora
IMG_20210508_140807.jpg,lápis,lápis-2,amarelo,dia,fora
IMG_20210508_140810.jpg,lápis,lápis-2,amarelo,dia,fora
IMG_20210508_140812.jpg,lápis,lápis-2,amarelo,dia,fora
IMG_20210508_140817.jpg,lápis,lápis-2,verde,dia,fora
IMG_20210508_140819.jpg,lápis,lápis-2,verde,dia,fora
IMG_20210508_140820.jpg,lápis,lápis-2,verde,dia,fora
IMG_20210508_140826.jpg,lápis,lápis-2,rosa,dia,fora
IMG_20210508_140829.jpg,lápis,lápis-2,rosa,dia,fora
IMG_20210508_140831.jpg,lápis,lápis-2,rosa,dia,fora
IMG_20210508_140855.jpg,prato,prato-0,amarelo,dia,fora
IMG_20210508_140858.jpg,prato,prato-0,amarelo,dia,fora
IMG_20210508_140900.jpg,prato,prato-0,amarelo,dia,fora
IMG_20210508_140908.jpg,prato,prato-0,verde,dia,fora
IMG_20210508_140910.jpg,prato,prato-0,verde,dia,fora
IMG_20210508_140912.jpg,prato,prato-0,verde,dia,fora
IMG_20210508_140918.jpg,prato,prato-0,rosa,dia,fora
IMG_20210508_140921.jpg,prato,prato-0,rosa,dia,fora
IMG_20210508_140924.jpg,prato,prato-0,rosa,dia,fora
IMG_20210508_140946.jpg,prato,prato-1,amarelo,dia,fora
IMG_20210508_140948.jpg,prato,prato-1,amarelo,dia,fora
IMG_20210508_140950.jpg,prato,prato-1,amarelo,dia,fora
IMG_20210508_140957.jpg,prato,prato-1,verde,dia,fora
IMG_20210508_141000.jpg,prato,prato-1,verde,dia,fora
IMG_20210508_141004.jpg,prato,prato-1,verde,dia,fora
IMG_20210508_141017.jpg,prato,prato-1,rosa,dia,fora
IMG_20210508_141019.jpg,prato,prato-1,rosa,dia,fora
IMG_20210508_141021.jpg,prato,prato-1,rosa,dia,fora
IMG_20210508_141033.jpg,prato,prato-2,amarelo,dia,fora
IMG_20210508_141035.jpg,prato,prato-2,amarelo,dia,fora
IMG_20210508_141036.jpg,prato,prato-2,amarelo,dia,fora
IMG_20210508_141043.jpg,prato,prato-2,verde,dia,fora
IMG_20210508_141045.jpg,prato,prato-2,verde,dia,fora
IMG_20210508_141047.jpg,prato,prato-2,verde,dia,fora
IMG_20210508_141053.jpg,prato,prato-2,rosa,dia,fora
IMG_20210508_141055.jpg,prato,prato-2,rosa,dia,fora
IMG_20210508_141056.jpg,prato,prato-2,rosa,dia,fora
IMG_20210508_141118.jpg,chave,chave-0,amarelo,dia,fora
IMG_20210508_141120.jpg,chave,chave-0,amarelo,dia,fora
IMG_20210508_141121.jpg,chave,chave-0,amarelo,dia,fora
IMG_20210508_141128.jpg,chave,chave-0,verde,dia,fora
IMG_20210508_141131.jpg,chave,chave-0,verde,dia,fora
IMG_20210508_141132.jpg,chave,chave-0,verde,dia,fora
IMG_20210508_141138.jpg,chave,chave-0,rosa,dia,fora
IMG_20210508_141140.jpg,chave,chave-0,rosa,dia,fora
IMG_20210508_141142.jpg,chave,chave-0,rosa,dia,fora
IMG_20210508_141157.jpg,chave,chave-1,amarelo,dia,fora
IMG_20210508_141200.jpg,chave,chave-1,amarelo,dia,fora
IMG_20210508_141203.jpg,chave,chave-1,amarelo,dia,fora
IMG_20210508_141210.jpg,chave,chave-1,verde,dia,fora
IMG_20210508_141212.jpg,chave,chave-1,verde,dia,fora
IMG_20210508_141214.jpg,chave,chave-1,verde,dia,fora
IMG_20210508_141220.jpg,chave,chave-1,rosa,dia,fora
IMG_20210508_141221.jpg,chave,chave-1,rosa,dia,fora
IMG_20210508_141224.jpg,chave,chave-1,rosa,dia,fora
IMG_20210508_141235.jpg,chave,chave-2,amarelo,dia,fora
IMG_20210508_141238.jpg,chave,chave-2,amarelo,dia,fora
IMG_20210508_141241.jpg,chave,chave-2,amarelo,dia,fora
IMG_20210508_141251.jpg,chave,chave-2,verde,dia,fora
IMG_20210508_141254.jpg,chave,chave-2,verde,dia,fora
IMG_20210508_141258.jpg,chave,chave-2,verde,dia,fora
IMG_20210508_141306.jpg,chave,chave-2,rosa,dia,fora
IMG_20210508_141308.jpg,chave,chave-2,rosa,dia,fora
IMG_20210508_141325.jpg,chave,chave-2,rosa,dia,fora
IMG_20210508_141345.jpg,garrafa,garrafa-0,amarelo,dia,fora
IMG_20210508_141348.jpg,garrafa,garrafa-0,amarelo,dia,fora
IMG_20210508_141350.jpg,garrafa,garrafa-0,amarelo,dia,fora
IMG_20210508_141359.jpg,garrafa,garrafa-0,verde,dia,fora
IMG_20210508_141401.jpg,garrafa,garrafa-0,verde,dia,fora
IMG_20210508_141403.jpg,garrafa,garrafa-0,verde,dia,fora
IMG_20210508_141459.jpg,garrafa,garrafa-0,rosa,dia,fora
IMG_20210508_141502.jpg,garrafa,garrafa-0,rosa,dia,fora
IMG_20210508_141503.jpg,garrafa,garrafa-0,rosa,dia,fora
IMG_20210508_141541.jpg,garrafa,garrafa-1,amarelo,dia,fora
IMG_20210508_141544.jpg,garrafa,garrafa-1,amarelo,dia,fora
IMG_20210508_141546.jpg,garrafa,garrafa-1,amarelo,dia,fora
IMG_20210508_141559.jpg,garrafa,garrafa-1,verde,dia,fora
IMG_20210508_141601.jpg,garrafa,garrafa-1,verde,dia,fora
IMG_20210508_141613.jpg,garrafa,garrafa-1,verde,dia,fora
IMG_20210508_141624.jpg,garrafa,garrafa-1,rosa,dia,fora
IMG_20210508_141627.jpg,garrafa,garrafa-1,rosa,dia,fora
IMG_20210508_141629.jpg,garrafa,garrafa-1,rosa,dia,fora
IMG_20210508_141650.jpg,garrafa,garrafa-2,amarelo,dia,fora
IMG_20210508_141653.jpg,garrafa,garrafa-2,amarelo,dia,fora
IMG_20210508_141655.jpg,garrafa,garrafa-2,amarelo,dia,fora
IMG_20210508_141701.jpg,garrafa,garrafa-2,verde,dia,fora
IMG_20210508_141704.jpg,garrafa,garrafa-2,verde,dia,fora
IMG_20210508_141706.jpg,garrafa,garrafa-2,verde,dia,fora
IMG_20210508_141713.jpg,garrafa,garrafa-2,rosa,dia,fora
IMG_20210508_141715.jpg,garrafa,garrafa-2,rosa,dia,fora
IMG_20210508_141719.jpg,garrafa,garrafa-2,rosa,dia,fora
IMG_20210508_141741.jpg,tesoura,tesoura-0,amarelo,dia,fora
IMG_20210508_141744.jpg,tesoura,tesoura-0,amarelo,dia,fora
IMG_20210508_141746.jpg,tesoura,tesoura-0,amarelo,dia,fora
IMG_20210508_141752.jpg,tesoura,tesoura-0,verde,dia,fora
IMG_20210508_141755.jpg,tesoura,tesoura-0,verde,dia,fora
IMG_20210508_141757.jpg,tesoura,tesoura-0,verde,dia,fora
IMG_20210508_141803.jpg,tesoura,tesoura-0,rosa,dia,fora
IMG_20210508_141806.jpg,tesoura,tesoura-0,rosa,dia,fora
IMG_20210508_141807.jpg,tesoura,tesoura-0,rosa,dia,fora
IMG_20210508_141816.jpg,tesoura,tesoura-1,amarelo,dia,fora
IMG_20210508_141817.jpg,tesoura,tesoura-1,amarelo,dia,fora
IMG_20210508_141819.jpg,tesoura,tesoura-1,amarelo,dia,fora
IMG_20210508_141827.jpg,tesoura,tesoura-1,verde,dia,fora
IMG_20210508_141830.jpg,tesoura,tesoura-1,verde,dia,fora
IMG_20210508_141833.jpg,tesoura,tesoura-1,verde,dia,fora
IMG_20210508_141841.jpg,tesoura,tesoura-1,rosa,dia,fora
IMG_20210508_141843.jpg,tesoura,tesoura-1,rosa,dia,fora
IMG_20210508_141845.jpg,tesoura,tesoura-1,rosa,dia,fora
IMG_20210508_141903.jpg,tesoura,tesoura-2,amarelo,dia,fora
IMG_20210508_141905.jpg,tesoura,tesoura-2,amarelo,dia,fora
IMG_20210508_141907.jpg,tesoura,tesoura-2,amarelo,dia,fora
IMG_20210508_141912.jpg,tesoura,tesoura-2,verde,dia,fora
IMG_20210508_141914.jpg,tesoura,tesoura-2,verde,dia,fora
IMG_20210508_141917.jpg,tesoura,tesoura-2,verde,dia,fora
IMG_20210508_141925.jpg,tesoura,tesoura-2,rosa,dia,fora
IMG_20210508_141928.jpg,tesoura,tesoura-2,rosa,dia,fora
IMG_20210508_141930.jpg,tesoura,tesoura-2,rosa,dia,fora
IMG_20210508_142053.jpg,livro,livro-0,amarelo,dia,fora
IMG_20210508_142055.jpg,livro,livro-0,amarelo,dia,fora
IMG_20210508_142057.jpg,livro,livro-0,amarelo,dia,fora
IMG_20210508_142108.jpg,livro,livro-0,verde,dia,fora
IMG_20210508_142114.jpg,livro,livro-0,verde,dia,fora
IMG_20210508_142117.jpg,livro,livro-0,verde,dia,fora
IMG_20210508_142130.jpg,livro,livro-0,rosa,dia,fora
IMG_20210508_142141.jpg,livro,livro-0,rosa,dia,fora
IMG_20210508_142143.jpg,livro,livro-0,rosa,dia,fora
IMG_20210508_142158.jpg,livro,livro-1,amarelo,dia,fora
IMG_20210508_142200.jpg,livro,livro-1,amarelo,dia,fora
IMG_20210508_142202.jpg,livro,livro-1,amarelo,dia,fora
IMG_20210508_142216.jpg,livro,livro-1,verde,dia,fora
IMG_20210508_142222.jpg,livro,livro-1,verde,dia,fora
IMG_20210508_142225.jpg,livro,livro-1,verde,dia,fora
IMG_20210508_142236.jpg,livro,livro-1,rosa,dia,fora
IMG_20210508_142238.jpg,livro,livro-1,rosa,dia,fora
IMG_20210508_142240.jpg,livro,livro-1,rosa,dia,fora
IMG_20210508_142255.jpg,livro,livro-2,amarelo,dia,fora
IMG_20210508_142257.jpg,livro,livro-2,amarelo,dia,fora
IMG_20210508_142258.jpg,livro,livro-2,amarelo,dia,fora
IMG_20210508_142309.jpg,livro,livro-2,verde,dia,fora
IMG_20210508_142311.jpg,livro,livro-2,verde,dia,fora
IMG_20210508_142312.jpg,livro,livro-2,verde,dia,fora
IMG_20210508_142329.jpg,livro,livro-2,rosa,dia,fora
IMG_20210508_142333.jpg,livro,livro-2,rosa,dia,fora
IMG_20210508_142335.jpg,livro,livro-2,rosa,dia,fora
IMG_20210508_165630.jpg,garfo,garfo-0,amarelo,noite,dentro
IMG_20210508_165712.jpg,garfo,garfo-0,amarelo,noite,dentro
IMG_20210508_165714.jpg,garfo,garfo-0,amarelo,noite,dentro
IMG_20210508_165721.jpg,garfo,garfo-0,verde,noite,dentro
IMG_20210508_165723.jpg,garfo,garfo-0,verde,noite,dentro
IMG_20210508_165727.jpg,garfo,garfo-0,verde,noite,dentro
IMG_20210508_165736.jpg,garfo,garfo-0,rosa,noite,dentro
IMG_20210508_165739.jpg,garfo,garfo-0,rosa,noite,dentro
IMG_20210508_165741.jpg,garfo,garfo-0,rosa,noite,dentro
IMG_20210508_165814.jpg,garfo,garfo-1,amarelo,noite,dentro
IMG_20210508_165816.jpg,garfo,garfo-1,amarelo,noite,dentro
IMG_20210508_165817.jpg,garfo,garfo-1,amarelo,noite,dentro
IMG_20210508_165825.jpg,garfo,garfo-1,verde,noite,dentro
IMG_20210508_165827.jpg,garfo,garfo-1,verde,noite,dentro
IMG_20210508_165829.jpg,garfo,garfo-1,verde,noite,dentro
IMG_20210508_165837.jpg,garfo,garfo-1,rosa,noite,dentro
IMG_20210508_165840.jpg,garfo,garfo-1,rosa,noite,dentro
IMG_20210508_165843.jpg,garfo,garfo-1,rosa,noite,dentro
IMG_20210508_165859.jpg,garfo,garfo-2,amarelo,noite,dentro
IMG_20210508_165901.jpg,garfo,garfo-2,amarelo,noite,dentro
IMG_20210508_165902.jpg,garfo,garfo-2,amarelo,noite,dentro
IMG_20210508_165909.jpg,garfo,garfo-2,verde,noite,dentro
IMG_20210508_165912.jpg,garfo,garfo-2,verde,noite,dentro
IMG_20210508_165913.jpg,garfo,garfo-2,verde,noite,dentro
IMG_20210508_165920.jpg,garfo,garfo-2,rosa,noite,dentro
IMG_20210508_165923.jpg,garfo,garfo-2,rosa,noite,dentro
IMG_20210508_165925.jpg,garfo,garfo-2,rosa,noite,dentro
IMG_20210508_165926.jpg,faca,faca-0,amarelo,noite,dentro
IMG_20210508_165927.jpg,faca,faca-0,amarelo,noite,dentro
IMG_20210508_165928.jpg,faca,faca-0,amarelo,noite,dentro
IMG_20210508_165929.jpg,faca,faca-0,verde,noite,dentro
IMG_20210508_165930.jpg,faca,faca-0,verde,noite,dentro
IMG_20210508_165931.jpg,faca,faca-0,verde,noite,dentro
IMG_20210508_165932.jpg,faca,faca-0,rosa,noite,dentro
IMG_20210508_165933.jpg,faca,faca-0,rosa,noite,dentro
IMG_20210508_165934.jpg,faca,faca-0,rosa,noite,dentro
IMG_20210508_165935.jpg,faca,faca-1,amarelo,noite,dentro
IMG_20210508_165936.jpg,faca,faca-1,amarelo,noite,dentro
IMG_20210508_165937.jpg,faca,faca-1,amarelo,noite,dentro
IMG_20210508_165938.jpg,faca,faca-1,verde,noite,dentro
IMG_20210508_165939.jpg,faca,faca-1,verde,noite,dentro
IMG_20210508_165940.jpg,faca,faca-1,verde,noite,dentro
IMG_20210508_165941.jpg,faca,faca-1,rosa,noite,dentro
IMG_20210508_165942.jpg,faca,faca-1,rosa,noite,dentro
IMG_20210508_165943.jpg,faca,faca-1,rosa,noite,dentro
IMG_20210508_165944.jpg,faca,faca-2,amarelo,noite,dentro
IMG_20210508_165945.jpg,faca,faca-2,amarelo,noite,dentro
IMG_20210508_165946.jpg,faca,faca-2,amarelo,noite,dentro
IMG_20210508_165947.jpg,faca,faca-2,verde,noite,dentro
IMG_20210508_165948.jpg,faca,faca-2,verde,noite,dentro
IMG_20210508_165949.jpg,faca,faca-2,verde,noite,dentro
IMG_20210508_165950.jpg,faca,faca-2,rosa,noite,dentro
IMG_20210508_165951.jpg,faca,faca-2,rosa,noite,dentro
IMG_20210508_165952.jpg,faca,faca-2,rosa,noite,dentro
IMG_20210508_170000.jpg,copo,copo-0,amarelo,noite,dentro
IMG_20210508_170001.jpg,copo,copo-0,amarelo,noite,dentro
IMG_20210508_170004.jpg,copo,copo-0,amarelo,noite,dentro
IMG_20210508_170013.jpg,copo,copo-0,verde,noite,dentro
IMG_20210508_170015.jpg,copo,copo-0,verde,noite,dentro
IMG_20210508_170018.jpg,copo,copo-0,verde,noite,dentro
IMG_20210508_170032.jpg,copo,copo-0,rosa,noite,dentro
IMG_20210508_170038.jpg,copo,copo-0,rosa,noite,dentro
IMG_20210508_170042.jpg,copo,copo-0,rosa,noite,dentro
IMG_20210508_170055.jpg,copo,copo-1,amarelo,noite,dentro
IMG_20210508_170056.jpg,copo,copo-1,amarelo,noite,dentro
IMG_20210508_170100.jpg,copo,copo-1,amarelo,noite,dentro
IMG_20210508_170107.jpg,copo,copo-1,verde,noite,dentro
IMG_20210508_170110.jpg,copo,copo-1,verde,noite,dentro
IMG_20210508_170114.jpg,copo,copo-1,verde,noite,dentro
IMG_20210508_170123.jpg,copo,copo-1,rosa,noite,dentro
IMG_20210508_170124.jpg,copo,copo-1,rosa,noite,dentro
IMG_20210508_170126.jpg,copo,copo-1,rosa,noite,dentro
IMG_20210508_170127.jpg,copo,copo-2,amarelo,noite,dentro
IMG_20210508_170128.jpg,copo,copo-2,amarelo,noite,dentro
IMG_20210508_170129.jpg,copo,copo-2,amarelo,noite,dentro
IMG_20210508_170130.jpg,copo,copo-2,verde,noite,dentro
IMG_20210508_170131.jpg,copo,copo-2,verde,noite,dentro
IMG_20210508_170132.jpg,copo,copo-2,verde,noite,dentro
IMG_20210508_170133.jpg,copo,copo-2,rosa,noite,dentro
IMG_20210508_170134.jpg,copo,copo-2,rosa,noite,dentro
IMG_20210508_170135.jpg,copo,copo-2,rosa,noite,dentro
IMG_20210508_170215.jpg,xícara,xícara-0,amarelo,noite,dentro
IMG_20210508_170218.jpg,xícara,xícara-0,amarelo,noite,dentro
IMG_20210508_170220.jpg,xícara,xícara-0,amarelo,noite,dentro
IMG_20210508_170228.jpg,xícara,xícara-0,verde,noite,dentro
IMG_20210508_170230.jpg,xícara,xícara-0,verde,noite,dentro
IMG_20210508_170232.jpg,xícara,xícara-0,verde,noite,dentro
IMG_20210508_170239.jpg,xícara,xícara-0,rosa,noite,dentro
IMG_20210508_170241.jpg,xícara,xícara-0,rosa,noite,dentro
IMG_20210508_170242.jpg,xícara,xícara-0,rosa,noite,dentro
IMG_20210508_170257.jpg,xícara,xícara-1,amarelo,noite,dentro
IMG_20210508_170258.jpg,xícara,xícara-1,amarelo,noite,dentro
IMG_20210508_170300.jpg,xícara,xícara-1,amarelo,noite,dentro
IMG_20210508_170307.jpg,xícara,xícara-1,verde,noite,dentro
IMG_20210508_170309.jpg,xícara,xícara-1,verde,noite,dentro
IMG_20210508_170311.jpg,xícara,xícara-1,verde,noite,dentro
IMG_20210508_170318.jpg,xícara,xícara-1,rosa,noite,dentro
IMG_20210508_170319.jpg,xícara,xícara-1,rosa,noite,dentro
IMG_20210508_170323.jpg,xícara,xícara-1,rosa,noite,dentro
IMG_20210508_170343.jpg,xícara,xícara-2,amarelo,noite,dentro
IMG_20210508_170346.jpg,xícara,xícara-2,amarelo,noite,dentro
IMG_20210508_170347.jpg,xícara,xícara-2,amarelo,noite,dentro
IMG_20210508_170356.jpg,xícara,xícara-2,verde,noite,dentro
IMG_20210508_170358.jpg,xícara,xícara-2,verde,noite,dentro
IMG_20210508_170401.jpg,xícara,xícara-2,verde,noite,dentro
IMG_20210508_170425.jpg,xícara,xícara-2,rosa,noite,dentro
IMG_20210508_170426.jpg,xícara,xícara-2,rosa,noite,dentro
IMG_20210508_170427.jpg,xícara,xícara-2,rosa,noite,dentro
IMG_20210508_170538.jpg,lápis,lápis-0,amarelo,noite,dentro
IMG_20210508_170539.jpg,lápis,lápis-0,amarelo,noite,dentro
IMG_20210508_170541.jpg,lápis,lápis-0,amarelo,noite,dentro
IMG_20210508_170555.jpg,lápis,lápis-0,verde,noite,dentro
IMG_20210508_170556.jpg,lápis,lápis-0,verde,noite,dentro
IMG_20210508_170558.jpg,lápis,lápis-0,verde,noite,dentro
IMG_20210508_170607.jpg,lápis,lápis-0,rosa,noite,dentro
IMG_20210508_170610.jpg,lápis,lápis-0,rosa,noite,dentro
IMG_20210508_170611.jpg,lápis,lápis-0,rosa,noite,dentro
IMG_20210508_170635.jpg,lápis,lápis-1,amarelo,noite,dentro
IMG_20210508_170637.jpg,lápis,lápis-1,amarelo,noite,dentro
IMG_20210508_170639.jpg,lápis,lápis-1,amarelo,noite,dentro
IMG_20210508_170651.jpg,lápis,lápis-1,verde,noite,dentro
IMG_20210508_170653.jpg,lápis,lápis-1,verde,noite,dentro
IMG_20210508_170656.jpg,lápis,lápis-1,verde,noite,dentro
IMG_20210508_170705.jpg,lápis,lápis-1,rosa,noite,dentro
IMG_20210508_170708.jpg,lápis,lápis-1,rosa,noite,dentro
IMG_20210508_170709.jpg,lápis,lápis-1,rosa,noite,dentro
IMG_20210508_170726.jpg,lápis,lápis-2,amarelo,noite,dentro
IMG_20210508_170729.jpg,lápis,lápis-2,amarelo,noite,dentro
IMG_20210508_170731.jpg,lápis,lápis-2,amarelo,noite,dentro
IMG_20210508_170744.jpg,lápis,lápis-2,verde,noite,dentro
IMG_20210508_170747.jpg,lápis,lápis-2,verde,noite,dentro
IMG_20210508_170749.jpg,lápis,lápis-2,verde,noite,dentro
IMG_20210508_170754.jpg,lápis,lápis-2,rosa,noite,dentro
IMG_20210508_170757.jpg,lápis,lápis-2,rosa,noite,dentro
IMG_20210508_170758.jpg,lápis,lápis-2,rosa,noite,dentro
IMG_20210508_170837.jpg,prato,prato-0,amarelo,noite,dentro
IMG_20210508_170839.jpg,prato,prato-0,amarelo,noite,dentro
IMG_20210508_170840.jpg,prato,prato-0,amarelo,noite,dentro
IMG_20210508_170855.jpg,prato,prato-0,verde,noite,dentro
IMG_20210508_170857.jpg,prato,prato-0,verde,noite,dentro
IMG_20210508_170900.jpg,prato,prato-0,verde,noite,dentro
IMG_20210508_170911.jpg,prato,prato-0,rosa,noite,dentro
IMG_20210508_170915.jpg,prato,prato-0,rosa,noite,dentro
IMG_20210508_170917.jpg,prato,prato-0,rosa,noite,dentro
IMG_20210508_170936.jpg,prato,prato-1,amarelo,noite,dentro
IMG_20210508_170938.jpg,prato,prato-1,amarelo,noite,dentro
IMG_20210508_170939.jpg,prato,prato-1,amarelo,noite,dentro
IMG_20210508_170956.jpg,prato,prato-1,verde,noite,dentro
IMG_20210508_170959.jpg,prato,prato-1,verde,noite,dentro
IMG_20210508_171001.jpg,prato,prato-1,verde,noite,dentro
IMG_20210508_171011.jpg,prato,prato-1,rosa,noite,dentro
IMG_20210508_171012.jpg,prato,prato-1,rosa,noite,dentro
IMG_20210508_171014.jpg,prato,prato-1,rosa,noite,dentro
IMG_20210508_171015.jpg,prato,prato-2,amarelo,noite,dentro
IMG_20210508_171016.jpg,prato,prato-2,amarelo,noite,dentro
IMG_20210508_171017.jpg,prato,prato-2,amarelo,noite,dentro
IMG_20210508_171018.jpg,prato,prato-2,verde,noite,dentro
IMG_20210508_171019.jpg,prato,prato-2,verde,noite,dentro
IMG_20210508_171020.jpg,prato,prato-2,verde,noite,dentro
IMG_20210508_171031.jpg,prato,prato-2,rosa,noite,dentro
IMG_20210508_171032.jpg,prato,prato-2,rosa,noite,dentro
IMG_20210508_171034.jpg,prato,prato-2,rosa,noite,dentro
IMG_20210508_171118.jpg,chave,chave-0,amarelo,noite,dentro
IMG_20210508_171120.jpg,chave,chave-0,amarelo,noite,dentro
IMG_20210508_171122.jpg,chave,chave-0,amarelo,noite,dentro
IMG_20210508_171141.jpg,chave,chave-0,verde,noite,dentro
IMG_20210508_171144.jpg,chave,chave-0,verde,noite,dentro
IMG_20210508_171146.jpg,chave,chave-0,verde,noite,dentro
IMG_20210508_171157.jpg,chave,chave-0,rosa,noite,dentro
IMG_20210508_171159.jpg,chave,chave-0,rosa,noite,dentro
IMG_20210508_171200.jpg,chave,chave-0,rosa,noite,dentro
IMG_20210508_171210.jpg,chave,chave-1,amarelo,noite,dentro
IMG_20210508_171212.jpg,chave,chave-1,amarelo,noite,dentro
IMG_20210508_171213.jpg,chave,chave-1,amarelo,noite,dentro
IMG_20210508_171221.jpg,chave,chave-1,verde,noite,dentro
IMG_20210508_171225.jpg,chave,chave-1,verde,noite,dentro
IMG_20210508_171227.jpg,chave,chave-1,verde,noite,dentro
IMG_20210508_171234.jpg,chave,chave-1,rosa,noite,dentro
IMG_20210508_171236.jpg,chave,chave-1,rosa,noite,dentro
IMG_20210508_171239.jpg,chave,chave-1,rosa,noite,dentro
IMG_20210508_171240.jpg,chave,chave-2,amarelo,noite,dentro
IMG_20210508_171241.jpg,chave,chave-2,amarelo,noite,dentro
IMG_20210508_171242.jpg,chave,chave-2,amarelo,noite,dentro
IMG_20210508_171243.jpg,chave,chave-2,verde,noite,dentro
IMG_20210508_171244.jpg,chave,chave-2,verde,noite,dentro
IMG_20210508_171245.jpg,chave,chave-2,verde,noite,dentro
IMG_20210508_171246.jpg,chave,chave-2,rosa,noite,dentro
IMG_20210508_171247.jpg,chave,chave-2,rosa,noite,dentro
IMG_20210508_171248.jpg,chave,chave-2,rosa,noite,dentro
IMG_20210508_171332.jpg,garrafa,garrafa-0,amarelo,noite,dentro
IMG_20210508_171335.jpg,garrafa,garrafa-0,amarelo,noite,dentro
IMG_20210508_171337.jpg,garrafa,garrafa-0,amarelo,noite,dentro
IMG_20210508_171344.jpg,garrafa,garrafa-0,verde,noite,dentro
IMG_20210508_171347.jpg,garrafa,garrafa-0,verde,noite,dentro
IMG_20210508_171349.jpg,garrafa,garrafa-0,verde,noite,dentro
IMG_20210508_171357.jpg,garrafa,garrafa-0,rosa,noite,dentro
IMG_20210508_171359.jpg,garrafa,garrafa-0,rosa,noite,dentro
IMG_20210508_171400.jpg,garrafa,garrafa-0,rosa,noite,dentro
IMG_20210508_171412.jpg,garrafa,garrafa-1,amarelo,noite,dentro
IMG_20210508_171416.jpg,garrafa,garrafa-1,amarelo,noite,dentro
IMG_20210508_171420.jpg,garrafa,garrafa-1,amarelo,noite,dentro
IMG_20210508_171433.jpg,garrafa,garrafa-1,verde,noite,dentro
IMG_20210508_171436.jpg,garrafa,garrafa-1,verde,noite,dentro
IMG_20210508_171438.jpg,garrafa,garrafa-1,verde,noite,dentro
IMG_20210508_171452.jpg,garrafa,garrafa-1,rosa,noite,dentro
IMG_20210508_171456.jpg,garrafa,garrafa-1,rosa,noite,dentro
IMG_20210508_171507.jpg,garrafa,garrafa-1,rosa,noite,dentro
IMG_20210508_171508.jpg,garrafa,garrafa-2,amarelo,noite,dentro
IMG_20210508_171509.jpg,garrafa,garrafa-2,amarelo,noite,dentro
IMG_20210508_171510.jpg,garrafa,garrafa-2,amarelo,noite,dentro
IMG_20210508_171511.jpg,garrafa,garrafa-2,verde,noite,dentro
IMG_20210508_171512.jpg,garrafa,garrafa-2,verde,noite,dentro
IMG_20210508_171513.jpg,garrafa,garrafa-2,verde,noite,dentro
IMG_20210508_171514.jpg,garrafa,garrafa-2,rosa,noite,dentro
IMG_20210508_171515.jpg,garrafa,garrafa-2,rosa,noite,dentro
IMG_20210508_171516.jpg,garrafa,garrafa-2,rosa,noite,dentro
IMG_20210508_171554.jpg,tesoura,tesoura-0,amarelo,noite,dentro
IMG_20210508_171556.jpg,tesoura,tesoura-0,amarelo,noite,dentro
IMG_20210508_171558.jpg,tesoura,tesoura-0,amarelo,noite,dentro
IMG_20210508_171606.jpg,tesoura,tesoura-0,verde,noite,dentro
IMG_20210508_171608.jpg,tesoura,tesoura-0,verde,noite,dentro
IMG_20210508_171609.jpg,tesoura,tesoura-0,verde,noite,dentro
IMG_20210508_171623.jpg,tesoura,tesoura-0,rosa,noite,dentro
IMG_20210508_171625.jpg,tesoura,tesoura-0,rosa,noite,dentro
IMG_20210508_171628.jpg,tesoura,tesoura-0,rosa,noite,dentro
IMG_20210508_171637.jpg,tesoura,tesoura-1,amarelo,noite,dentro
IMG_20210508_171639.jpg,tesoura,tesoura-1,amarelo,noite,dentro
IMG_20210508_171640.jpg,tesoura,tesoura-1,amarelo,noite,dentro
IMG_20210508_171653.jpg,tesoura,tesoura-1,verde,noite,dentro
IMG_20210508_171655.jpg,tesoura,tesoura-1,verde,noite,dentro
IMG_20210508_171657.jpg,tesoura,tesoura-1,verde,noite,dentro
IMG_20210508_171705.jpg,tesoura,tesoura-1,rosa,noite,dentro
IMG_20210508_171707.jpg,tesoura,tesoura-1,rosa,noite,dentro
IMG_20210508_171710.jpg,tesoura,tesoura-1,rosa,noite,dentro
IMG_20210508_171743.jpg,tesoura,tesoura-2,amarelo,noite,dentro
IMG_20210508_171746.jpg,tesoura,tesoura-2,amarelo,noite,dentro
IMG_20210508_171747.jpg,tesoura,tesoura-2,amarelo,noite,dentro
IMG_20210508_171759.jpg,tesoura,tesoura-2,verde,noite,dentro
IMG_20210508_171802.jpg,tesoura,tesoura-2,verde,noite,dentro
IMG_20210508_171803.jpg,tesoura,tesoura-2,verde,noite,dentro
IMG_20210508_171827.jpg,tesoura,tesoura-2,rosa,noite,dentro
IMG_20210508_171830.jpg,tesoura,tesoura-2,rosa,noite,dentro
IMG_20210508_171831.jpg,tesoura,tesoura-2,rosa,noite,dentro
IMG_20210508_171915.jpg,livro,livro-0,amarelo,noite,dentro
IMG_20210508_171917.jpg,livro,livro-0,amarelo,noite,dentro
IMG_20210508_171919.jpg,livro,livro-0,amarelo,noite,dentro
IMG_20210508_171930.jpg,livro,livro-0,verde,noite,dentro
IMG_20210508_171933.jpg,livro,livro-0,verde,noite,dentro
IMG_20210508_171935.jpg,livro,livro-0,verde,noite,dentro
IMG_20210508_171952.jpg,livro,livro-0,rosa,noite,dentro
IMG_20210508_171955.jpg,livro,livro-0,rosa,noite,dentro
IMG_20210508_171958.jpg,livro,livro-0,rosa,noite,dentro
IMG_20210508_172012.jpg,livro,livro-1,amarelo,noite,dentro
IMG_20210508_172015.jpg,livro,livro-1,amarelo,noite,dentro
IMG_20210508_172017.jpg,livro,livro-1,amarelo,noite,dentro
IMG_20210508_172023.jpg,livro,livro-1,verde,noite,dentro
IMG_20210508_172026.jpg,livro,livro-1,verde,noite,dentro
IMG_20210508_172027.jpg,livro,livro-1,verde,noite,dentro
IMG_20210508_172034.jpg,livro,livro-1,rosa,noite,dentro
IMG_20210508_172036.jpg,livro,livro-1,rosa,noite,dentro
IMG_20210508_172039.jpg,livro,livro-1,rosa,noite,dentro
IMG_20210508_172054.jpg,livro,livro-2,amarelo,noite,dentro
IMG_20210508_172055.jpg,livro,livro-2,amarelo,noite,dentro
IMG_20210508_172058.jpg,livro,livro-2,amarelo,noite,dentro
IMG_20210508_172104.jpg,livro,livro-2,verde,noite,dentro
IMG_20210508_172107.jpg,livro,livro-2,verde,noite,dentro
IMG_20210508_172108.jpg,livro,livro-2,verde,noite,dentro
IMG_20210508_172123.jpg,livro,livro-2,rosa,noite,dentro
IMG_20210508_172126.jpg,livro,livro-2,rosa,noite,dentro
IMG_20210508_172128.jpg,livro,livro-2,rosa,noite,dentro
IMG_20210508_174637.jpg,garfo,garfo-0,amarelo,noite,fora
IMG_20210508_174639.jpg,garfo,garfo-0,amarelo,noite,fora
IMG_20210508_174642.jpg,garfo,garfo-0,amarelo,noite,fora
IMG_20210508_174651.jpg,garfo,garfo-0,verde,noite,fora
IMG_20210508_174653.jpg,garfo,garfo-0,verde,noite,fora
IMG_20210508_174657.jpg,garfo,garfo-0,verde,noite,fora
IMG_20210508_174702.jpg,garfo,garfo-0,rosa,noite,fora
IMG_20210508_174704.jpg,garfo,garfo-0,rosa,noite,fora
IMG_20210508_174707.jpg,garfo,garfo-0,rosa,noite,fora
IMG_20210508_174717.jpg,garfo,garfo-1,amarelo,noite,fora
IMG_20210508_174719.jpg,garfo,garfo-1,amarelo,noite,fora
IMG_20210508_174722.jpg,garfo,garfo-1,amarelo,noite,fora
IMG_20210508_174728.jpg,garfo,garfo-1,verde,noite,fora
IMG_20210508_174731.jpg,garfo,garfo-1,verde,noite,fora
IMG_20210508_174733.jpg,garfo,garfo-1,verde,noite,fora
IMG_20210508_174739.jpg,garfo,garfo-1,rosa,noite,fora
IMG_20210508_174741.jpg,garfo,garfo-1,rosa,noite,fora
IMG_20210508_174746.jpg,garfo,garfo-1,rosa,noite,fora
IMG_20210508_174748.jpg,garfo,garfo-2,amarelo,noite,fora
IMG_20210508_174749.jpg,garfo,garfo-2,amarelo,noite,fora
IMG_20210508_174750.jpg,garfo,garfo-2,amarelo,noite,fora
IMG_20210508_174751.jpg,garfo,garfo-2,verde,noite,fora
IMG_20210508_174752.jpg,garfo,garfo-2,verde,noite,fora
IMG_20210508_174753.jpg,garfo,garfo-2,verde,noite,fora
IMG_20210508_174754.jpg,garfo,garfo-2,rosa,noite,fora
IMG_20210508_174755.jpg,garfo,garfo-2,rosa,noite,fora
IMG_20210508_174756.jpg,garfo,garfo-2,rosa,noite,fora
IMG_20210508_174807.jpg,faca,faca-0,amarelo,noite,fora
IMG_20210508_174810.jpg,faca,faca-0,amarelo,noite,fora
IMG_20210508_174811.jpg,faca,faca-0,amarelo,noite,fora
IMG_20210508_174818.jpg,faca,faca-0,verde,noite,fora
IMG_20210508_174820.jpg,faca,faca-0,verde,noite,fora
IMG_20210508_174824.jpg,faca,faca-0,verde,noite,fora
IMG_20210508_174830.jpg,faca,faca-0,rosa,noite,fora
IMG_20210508_174834.jpg,faca,faca-0,rosa,noite,fora
IMG_20210508_174836.jpg,faca,faca-0,rosa,noite,fora
IMG_20210508_174849.jpg,faca,faca-1,amarelo,noite,fora
IMG_20210508_174853.jpg,faca,faca-1,amarelo,noite,fora
IMG_20210508_174855.jpg,faca,faca-1,amarelo,noite,fora
IMG_20210508_174912.jpg,faca,faca-1,verde,noite,fora
IMG_20210508_174914.jpg,faca,faca-1,verde,noite,fora
IMG_20210508_174915.jpg,faca,faca-1,verde,noite,fora
IMG_20210508_174921.jpg,faca,faca-1,rosa,noite,fora
IMG_20210508_174925.jpg,faca,faca-1,rosa,noite,fora
IMG_20210508_174928.jpg,faca,faca-1,rosa,noite,fora
IMG_20210508_174937.jpg,faca,faca-2,amarelo,noite,fora
IMG_20210508_174942.jpg,faca,faca-2,amarelo,noite,fora
IMG_20210508_174943.jpg,faca,faca-2,amarelo,noite,fora
IMG_20210508_174949.jpg,faca,faca-2,verde,noite,fora
IMG_20210508_174953.jpg,faca,faca-2,verde,noite,fora
IMG_20210508_174954.jpg,faca,faca-2,verde,noite,fora
IMG_20210508_175001.jpg,faca,faca-2,rosa,noite,fora
IMG_20210508_175003.jpg,faca,faca-2,rosa,noite,fora
IMG_20210508_175007.jpg,faca,faca-2,rosa,noite,fora
IMG_20210508_175043.jpg,copo,copo-0,amarelo,noite,fora
IMG_20210508_175045.jpg,copo,copo-0,amarelo,noite,fora
IMG_20210508_175048.jpg,copo,copo-0,amarelo,noite,fora
IMG_20210508_175057.jpg,copo,copo-0,verde,noite,fora
IMG_20210508_175100.jpg,copo,copo-0,verde,noite,fora
IMG_20210508_175101.jpg,copo,copo-0,verde,noite,fora
IMG_20210508_175109.jpg,copo,copo-0,rosa,noite,fora
IMG_20210508_175112.jpg,copo,copo-0,rosa,noite,fora
IMG_20210508_175114.jpg,copo,copo-0,rosa,noite,fora
IMG_20210508_175128.jpg,copo,copo-1,amarelo,noite,fora
IMG_20210508_175131.jpg,copo,copo-1,amarelo,noite,fora
IMG_20210508_175132.jpg,copo,copo-1,amarelo,noite,fora
IMG_20210508_175138.jpg,copo,copo-1,verde,noite,fora
IMG_20210508_175141.jpg,copo,copo-1,verde,noite,fora
IMG_20210508_175153.jpg,copo,copo-1,verde,noite,fora
IMG_20210508_175201.jpg,copo,copo-1,rosa,noite,fora
IMG_20210508_175204.jpg,copo,copo-1,rosa,noite,fora
IMG_20210508_175206.jpg,copo,copo-1,rosa,noite,fora
IMG_20210508_175216.jpg,copo,copo-2,amarelo,noite,fora
IMG_20210508_175223.jpg,copo,copo-2,amarelo,noite,fora
IMG_20210508_175225.jpg,copo,copo-2,amarelo,noite,fora
IMG_20210508_175231.jpg,copo,copo-2,verde,noite,fora
IMG_20210508_175235.jpg,copo,copo-2,verde,noite,fora
IMG_20210508_175238.jpg,copo,copo-2,verde,noite,fora
IMG_20210508_175243.jpg,copo,copo-2,rosa,noite,fora
IMG_20210508_175247.jpg,copo,copo-2,rosa,noite,fora
IMG_20210508_175249.jpg,copo,copo-2,rosa,noite,fora
IMG_20210508_175328.jpg,xícara,xícara-0,amarelo,noite,fora
IMG_20210508_175332.jpg,xícara,xícara-0,amarelo,noite,fora
IMG_20210508_175336.jpg,xícara,xícara-0,amarelo,noite,fora
IMG_20210508_175345.jpg,xícara,xícara-0,verde,noite,fora
IMG_20210508_175348.jpg,xícara,xícara-0,verde,noite,fora
IMG_20210508_175350.jpg,xícara,xícara-0,verde,noite,fora
IMG_20210508_175358.jpg,xícara,xícara-0,rosa,noite,fora
IMG_20210508_175400.jpg,xícara,xícara-0,rosa,noite,fora
IMG_20210508_175401.jpg,xícara,xícara-0,rosa,noite,fora
IMG_20210508_175420.jpg,xícara,xícara-1,amarelo,noite,fora
IMG_20210508_175441.jpg,xícara,xícara-1,amarelo,noite,fora
IMG_20210508_175446.jpg,xícara,xícara-1,amarelo,noite,fora
IMG_20210508_175456.jpg,xícara,xícara-1,verde,noite,fora
IMG_20210508_175457.jpg,xícara,xícara-1,verde,noite,fora
IMG_20210508_175505.jpg,xícara,xícara-1,verde,noite,fora
IMG_20210508_175518.jpg,xícara,xícara-1,rosa,noite,fora
IMG_20210508_175522.jpg,xícara,xícara-1,rosa,noite,fora
IMG_20210508_175524.jpg,xícara,xícara-1,rosa,noite,fora
IMG_20210508_175547.jpg,xícara,xícara-2,amarelo,noite,fora
IMG_20210508_175550.jpg,xícara,xícara-2,amarelo,noite,fora
IMG_20210508_175558.jpg,xícara,xícara-2,amarelo,noite,fora
IMG_20210508_175607.jpg,xícara,xícara-2,verde,noite,fora
IMG_20210508_175610.jpg,xícara,xícara-2,verde,noite,fora
IMG_20210508_175618.jpg,xícara,xícara-2,verde,noite,fora
IMG_20210508_175628.jpg,xícara,xícara-2,rosa,noite,fora
IMG_20210508_175630.jpg,xícara,xícara-2,rosa,noite,fora
IMG_20210508_175634.jpg,xícara,xícara-2,rosa,noite,fora
IMG_20210508_175750.jpg,lápis,lápis-0,amarelo,noite,fora
IMG_20210508_175754.jpg,lápis,lápis-0,amarelo,noite,fora
IMG_20210508_175755.jpg,lápis,lápis-0,amarelo,noite,fora
IMG_20210508_175808.jpg,lápis,lápis-0,verde,noite,fora
IMG_20210508_175811.jpg,lápis,lápis-0,verde,noite,fora
IMG_20210508_175814.jpg,lápis,lápis-0,verde,noite,fora
IMG_20210508_175825.jpg,lápis,lápis-0,rosa,noite,fora
IMG_20210508_175828.jpg,lápis,lápis-0,rosa,noite,fora
IMG_20210508_175830.jpg,lápis,lápis-0,rosa,noite,fora
IMG_20210508_175842.jpg,lápis,lápis-1,amarelo,noite,fora
IMG_20210508_175845.jpg,lápis,lápis-1,amarelo,noite,fora
IMG_20210508_175847.jpg,lápis,lápis-1,amarelo,noite,fora
IMG_20210508_175853.jpg,lápis,lápis-1,verde,noite,fora
IMG_20210508_175856.jpg,lápis,lápis-1,verde,noite,fora
IMG_20210508_175858.jpg,lápis,lápis-1,verde,noite,fora
IMG_20210508_175906.jpg,lápis,lápis-1,rosa,noite,fora
IMG_20210508_175909.jpg,lápis,lápis-1,rosa,noite,fora
IMG_20210508_175911.jpg,lápis,lápis-1,rosa,noite,fora
IMG_20210508_175926.jpg,lápis,lápis-2,amarelo,noite,fora
IMG_20210508_175928.jpg,lápis,lápis-2,amarelo,noite,fora
IMG_20210508_175932.jpg,lápis,lápis-2,amarelo,noite,fora
IMG_20210508_175947.jpg,lápis,lápis-2,verde,noite,fora
IMG_20210508_175950.jpg,lápis,lápis-2,verde,noite,fora
IMG_20210508_175951.jpg,lápis,lápis-2,verde,noite,fora
IMG_20210508_180006.jpg,lápis,lápis-2,rosa,noite,fora
IMG_20210508_180008.jpg,lápis,lápis-2,rosa,noite,fora
IMG_20210508_180012.jpg,lápis,lápis-2,rosa,noite,fora
IMG_20210508_180047.jpg,prato,prato-0,amarelo,noite,fora
IMG_20210508_180050.jpg,prato,prato-0,amarelo,noite,fora
IMG_20210508_180058.jpg,prato,prato-0,amarelo,noite,fora
IMG_20210508_180107.jpg,prato,prato-0,verde,noite,fora
IMG_20210508_180112.jpg,prato,prato-0,verde,noite,fora
IMG_20210508_180117.jpg,prato,prato-0,verde,noite,fora
IMG_20210508_180126.jpg,prato,prato-0,rosa,noite,fora
IMG_20210508_180127.jpg,prato,prato-0,rosa,noite,fora
IMG_20210508_180132.jpg,prato,prato-0,rosa,noite,fora
IMG_20210508_180148.jpg,prato,prato-1,amarelo,noite,fora
IMG_20210508_180151.jpg,prato,prato-1,amarelo,noite,fora
IMG_20210508_180153.jpg,prato,prato-1,amarelo,noite,fora
IMG_20210508_180201.jpg,prato,prato-1,verde,noite,fora
IMG_20210508_180204.jpg,prato,prato-1,verde,noite,fora
IMG_20210508_180207.jpg,prato,prato-1,verde,noite,fora
IMG_20210508_180212.jpg,prato,prato-1,rosa,noite,fora
IMG_20210508_180213.jpg,prato,prato-1,rosa,noite,fora
IMG_20210508_180216.jpg,prato,prato-1,rosa,noite,fora
IMG_20210508_180229.jpg,prato,prato-2,amarelo,noite,fora
IMG_20210508_180232.jpg,prato,prato-2,amarelo,noite,fora
IMG_20210508_180233.jpg,prato,prato-2,amarelo,noite,fora
IMG_20210508_180242.jpg,prato,prato-2,verde,noite,fora
IMG_20210508_180247.jpg,prato,prato-2,verde,noite,fora
IMG_20210508_180249.jpg,prato,prato-2,verde,noite,fora
IMG_20210508_180256.jpg,prato,prato-2,rosa,noite,fora
IMG_20210508_180258.jpg,prato,prato-2,rosa,noite,fora
IMG_20210508_180305.jpg,prato,prato-2,rosa,noite,fora
IMG_20210508_180417.jpg,chave,chave-0,amarelo,noite,fora
IMG_20210508_180419.jpg,chave,chave-0,amarelo,noite,fora
IMG_20210508_180421.jpg,chave,chave-0,amarelo,noite,fora
IMG_20210508_180439.jpg,chave,chave-0,verde,noite,fora
IMG_20210508_180444.jpg,chave,chave-0,verde,noite,fora
IMG_20210508_180446.jpg,chave,chave-0,verde,noite,fora
IMG_20210508_180454.jpg,chave,chave-0,rosa,noite,fora
IMG_20210508_180459.jpg,chave,chave-0,rosa,noite,fora
IMG_20210508_180500.jpg,chave,chave-0,rosa,noite,fora
IMG_20210508_180509.jpg,chave,chave-1,amarelo,noite,fora
IMG_20210508_180510.jpg,chave,chave-1,amarelo,noite,fora
IMG_20210508_180514.jpg,chave,chave-1,amarelo,noite,fora
IMG_20210508_180521.jpg,chave,chave-1,verde,noite,fora
IMG_20210508_180528.jpg,chave,chave-1,verde,noite,fora
IMG_20210508_180531.jpg,chave,chave-1,verde,noite,fora
IMG_20210508_180537.jpg,chave,chave-1,rosa,noite,fora
IMG_20210508_180539.jpg,chave,chave-1,rosa,noite,fora
IMG_20210508_180541.jpg,chave,chave-1,rosa,noite,fora
IMG_20210508_180549.jpg,chave,chave-2,amarelo,noite,fora
IMG_20210508_180553.jpg,chave,chave-2,amarelo,noite,fora
IMG_20210508_180555.jpg,chave,chave-2,amarelo,noite,fora
IMG_20210508_180601.jpg,chave,chave-2,verde,noite,fora
IMG_20210508_180605.jpg,chave,chave-2,verde,noite,fora
IMG_20210508_180606.jpg,chave,chave-2,verde,noite,fora
IMG_20210508_180612.jpg,chave,chave-2,rosa,noite,fora
IMG_20210508_180617.jpg,chave,chave-2,rosa,noite,fora
IMG_20210508_180619.jpg,chave,chave-2,rosa,noite,fora
IMG_20210508_180720.jpg,garrafa,garrafa-0,amarelo,noite,fora
IMG_20210508_180723.jpg,garrafa,garrafa-0,amarelo,noite,fora
IMG_20210508_180725.jpg,garrafa,garrafa-0,amarelo,noite,fora
IMG_20210508_180732.jpg,garrafa,garrafa-0,verde,noite,fora
IMG_20210508_180734.jpg,garrafa,garrafa-0,verde,noite,fora
IMG_20210508_180736.jpg,garrafa,garrafa-0,verde,noite,fora
IMG_20210508_180741.jpg,garrafa,garrafa-0,rosa,noite,fora
IMG_20210508_180744.jpg,garrafa,garrafa-0,rosa,noite,fora
IMG_20210508_180747.jpg,garrafa,garrafa-0,rosa,noite,fora
IMG_20210508_180802.jpg,garrafa,garrafa-1,amarelo,noite,fora
IMG_20210508_180813.jpg,garrafa,garrafa-1,amarelo,noite,fora
IMG_20210508_180816.jpg,garrafa,garrafa-1,amarelo,noite,fora
IMG_20210508_180833.jpg,garrafa,garrafa-1,verde,noite,fora
IMG_20210508_180836.jpg,garrafa,garrafa-1,verde,noite,fora
IMG_20210508_180841.jpg,garrafa,garrafa-1,verde,noite,fora
IMG_20210508_180854.jpg,garrafa,garrafa-1,rosa,noite,fora
IMG_20210508_180901.jpg,garrafa,garrafa-1,rosa,noite,fora
IMG_20210508_180919.jpg,garrafa,garrafa-1,rosa,noite,fora
IMG_20210508_180954.jpg,garrafa,garrafa-2,amarelo,noite,fora
IMG_20210508_180956.jpg,garrafa,garrafa-2,amarelo,noite,fora
IMG_20210508_181000.jpg,garrafa,garrafa-2,amarelo,noite,fora
IMG_20210508_181008.jpg,garrafa,garrafa-2,verde,noite,fora
IMG_20210508_181010.jpg,garrafa,garrafa-2,verde,noite,fora
IMG_20210508_181012.jpg,garrafa,garrafa-2,verde,noite,fora
IMG_20210508_181017.jpg,garrafa,garrafa-2,rosa,noite,fora
IMG_20210508_181020.jpg,garrafa,garrafa-2,rosa,noite,fora
IMG_20210508_181022.jpg,garrafa,garrafa-2,rosa,noite,fora
IMG_20210508_181057.jpg,tesoura,tesoura-0,amarelo,noite,fora
IMG_20210508_181100.jpg,tesoura,tesoura-0,amarelo,noite,fora
IMG_20210508_181102.jpg,tesoura,tesoura-0,amarelo,noite,fora
IMG_20210508_181109.jpg,tesoura,tesoura-0,verde,noite,fora
IMG_20210508_181112.jpg,tesoura,tesoura-0,verde,noite,fora
IMG_20210508_181115.jpg,tesoura,tesoura-0,verde,noite,fora
IMG_20210508_181126.jpg,tesoura,tesoura-0,rosa,noite,fora
IMG_20210508_181129.jpg,tesoura,tesoura-0,rosa,noite,fora
IMG_20210508_181131.jpg,tesoura,tesoura-0,rosa,noite,fora
IMG_20210508_181157.jpg,tesoura,tesoura-1,amarelo,noite,fora
IMG_20210508_181159.jpg,tesoura,tesoura-1,amarelo,noite,fora
IMG_20210508_181201.jpg,tesoura,tesoura-1,amarelo,noite,fora
IMG_20210508_181209.jpg,tesoura,tesoura-1,verde,noite,fora
IMG_20210508_181212.jpg,tesoura,tesoura-1,verde,noite,fora
IMG_20210508_181214.jpg,tesoura,tesoura-1,verde,noite,fora
IMG_20210508_181221.jpg,tesoura,tesoura-1,rosa,noite,fora
IMG_20210508_181224.jpg,tesoura,tesoura-1,rosa,noite,fora
IMG_20210508_181227.jpg,tesoura,tesoura-1,rosa,noite,fora
IMG_20210508_181241.jpg,tesoura,tesoura-2,amarelo,noite,fora
IMG_20210508_181244.jpg,tesoura,tesoura-2,amarelo,noite,fora
IMG_20210508_181248.jpg,tesoura,tesoura-2,amarelo,noite,fora
IMG_20210508_181254.jpg,tesoura,tesoura-2,verde,noite,fora
IMG_20210508_181256.jpg,tesoura,tesoura-2,verde,noite,fora
IMG_20210508_181259.jpg,tesoura,tesoura-2,verde,noite,fora
IMG_20210508_181305.jpg,tesoura,tesoura-2,rosa,noite,fora
IMG_20210508_181309.jpg,tesoura,tesoura-2,rosa,noite,fora
IMG_20210508_181310.jpg,tesoura,tesoura-2,rosa,noite,fora
IMG_20210508_181335.jpg,livro,livro-0,amarelo,noite,fora
IMG_20210508_181337.jpg,livro,livro-0,amarelo,noite,fora
IMG_20210508_181341.jpg,livro,livro-0,amarelo,noite,fora
IMG_20210508_181349.jpg,livro,livro-0,verde,noite,fora
IMG_20210508_181351.jpg,livro,livro-0,verde,noite,fora
IMG_20210508_181353.jpg,livro,livro-0,verde,noite,fora
IMG_20210508_181402.jpg,livro,livro-0,rosa,noite,fora
IMG_20210508_181405.jpg,livro,livro-0,rosa,noite,fora
IMG_20210508_181408.jpg,livro,livro-0,rosa,noite,fora
IMG_20210508_181433.jpg,livro,livro-1,amarelo,noite,fora
IMG_20210508_181436.jpg,livro,livro-1,amarelo,noite,fora
IMG_20210508_181438.jpg,livro,livro-1,amarelo,noite,fora
IMG_20210508_181445.jpg,livro,livro-1,verde,noite,fora
IMG_20210508_181448.jpg,livro,livro-1,verde,noite,fora
IMG_20210508_181451.jpg,livro,livro-1,verde,noite,fora
IMG_20210508_181503.jpg,livro,livro-1,rosa,noite,fora
IMG_20210508_181505.jpg,livro,livro-1,rosa,noite,fora
IMG_20210508_181507.jpg,livro,livro-1,rosa,noite,fora
IMG_20210508_181518.jpg,livro,livro-2,amarelo,noite,fora
IMG_20210508_181521.jpg,livro,livro-2,amarelo,noite,fora
IMG_20210508_181524.jpg,livro,livro-2,amarelo,noite,fora
IMG_20210508_181534.jpg,livro,livro-2,verde,noite,fora
IMG_20210508_181541.jpg,livro,livro-2,verde,noite,fora
IMG_20210508_181545.jpg,livro,livro-2,verde,noite,fora
IMG_20210508_181552.jpg,livro,livro-2,rosa,noite,fora
IMG_20210508_181555.jpg,livro,livro-2,rosa,noite,fora
IMG_20210508_181558.jpg,livro,livro-2,rosa,noite,fora
